"CMS Certification Number (CCN)","Facility Name","Address Line 1","Address Line 2","City","State","Zip Code","County Name","PhoneNumber","CMS Region","Ownership Type","Certification Date","Total Number of Beds"
"012006","INFIRMARY LTAC HOSPITAL","5 MOBILE INFIRMARY CIRCLE","","MOBILE","AL","36607","Mobile","(251) 660-5611","4","Non-profit","10/01/1993",22
"012007","NOLAND HOSPITAL MONTGOMERY II, LLC","1725 PINE STREET 5TH FLOOR NORTH WING","","MONTGOMERY","AL","36106","Montgomery","(334) 240-0532","4","Government","02/25/1999",60
"012008","SELECT SPECIALTY HOSPITAL - BIRMINGHAM","2010 BROOKWOOD MEDICAL CENTER DRIVE, 3RD FLOOR","","BIRMINGHAM","AL","35209","Jefferson","(205) 599-4595","4","For profit","09/01/2001",38
"012009","NOLAND HOSPITAL BIRMINGHAM II, LLC","50 MEDICAL PARK EAST DRIVE 8TH FLOOR","","BIRMINGHAM","AL","35235","Jefferson","(205) 838-5100","4","Government","03/27/2003",45
"012010","NOLAND HOSPITAL DOTHAN II, LLC","1108 ROSS CLARK CIRCLE, 4TH FLOOR","","DOTHAN","AL","36302","Houston","(334) 699-4300","4","Non-profit","10/01/2004",35
"012011","NOLAND HOSPITAL ANNISTON II, LLC","400 EAST 10TH STREET, 4TH FLOOR","","ANNISTON","AL","36202","Calhoun","(256) 741-6141","4","Non-profit","07/21/2004",38
"012012","NOLAND HOSPITAL TUSCALOOSA II, LLC","809 UNIVERSITY BOULEVARD EAST, 4TH FLOOR","","TUSCALOOSA","AL","35401","Tuscaloosa","(205) 759-7241","4","Non-profit","04/01/2005",32
"012013","NOLAND HOSPITAL SHELBY II, LLC","1000 FIRST STREET, 3RD FLOOR","","ALABASTER","AL","35007","Shelby","(205) 620-8641","4","Non-profit","03/01/2011",52
"012014","NORTH ALABAMA SPECIALTY HOSPITAL","700 WEST MARKET STREET, 2ND FLOOR","","ATHENS","AL","35611","Limestone","(337) 269-9566","4","For profit","05/01/2016",31
"022001","ST ELIAS SPECIALTY HOSPITAL","4800 CORDOVA STREET","","ANCHORAGE","AK","99503","Anchorage","(907) 561-3333","10","Non-profit","01/01/2008",59
"032001","SELECT SPECIALTY HOSPITAL PHOENIX","350 WEST THOMAS ROAD, 3RD FLOOR","","PHOENIX","AZ","85013","Maricopa","(602) 406-6810","9","For profit","06/08/1993",48
"032002","CURAHEALTH TUCSON","355 NORTH WILMOT ROAD","","TUCSON","AZ","85711","Pima","(520) 584-4500","9","For profit","11/01/1994",51
"032004","CORNERSTONE SPECIALTY HOSPITALS TUCSON","7220 EAST ROSEWOOD STREET","","TUCSON","AZ","85710","Pima","(469) 621-6700","9","For profit","07/01/1998",34
"032005","SELECT SPECIALTY HOSPITAL ARIZONA","1012 EAST WILETTA, 4TH FLOOR","","PHOENIX","AZ","85006","Maricopa","(717) 972-1100","9","For profit","06/01/2000",62
"032006","PROMISE HOSPITAL OF PHOENIX, INC.","433 EAST 6TH STREET","","MESA","AZ","85203","Maricopa","(480) 427-3001","9","For profit","06/01/2005",48
"042004","CHRISTUS DUBUIS HOSPITAL OF HOT SPRINGS","300 WERNER STREET, 3RD FLOOR","","HOT SPRINGS","AR","71913","Garland","(501) 609-4300","6","For profit","10/01/1999",27
"042006","SELECT SPECIALITY HOSPITAL-FORT SMITH INC","1001 TOWSON AVENUE","","FORT SMITH","AR","72901","Sebastian","(479) 441-3960","6","For profit","09/01/2001",34
"042008","CHRISTUS DUBUIS HOSPITAL OF FORT SMITH","7301 ROGERS AVENUE, # 4","","FORT SMITH","AR","72903","Sebastian","(479) 314-4900","6","For profit","05/29/2003",25
"042009","REGENCY HOSPITAL OF NORTHWEST ARKANSAS","609 WEST MAPLE AVENUE","","SPRINGDALE","AR","72764","Washington","(479) 713-7000","6","For profit","11/25/2003",25
"042010","CORNERSTONE HOSPITAL LITTLE ROCK","2 ST VINCENT CIRCLE, 6TH FLOOR","","LITTLE ROCK","AR","72205","Pulaski","(501) 265-0622","6","For profit","06/01/2007",40
"042011","ADVANCED CARE HOSPITAL WHITE COUNTY","1200 SOUTH MAIN STREET","","SEARCY","AR","72143","White","(501) 278-3155","6","Non-profit","04/01/2008",27
"042012","BAPTIST HEALTH EXTENDED CARE HOSPITAL-LR INC","9601 BAPTIST HEALTH DRIVE, 1OTH FLOOR","","LITTLE ROCK","AR","72205","Pulaski","(501) 202-1070","6","Non-profit","10/01/2008",55
"042013","ARKANSAS CONTINUED CARE HOSPITAL OF JONESBORO","3024 RED WOLF BOULEVARD, SUITE 1","","JONESBORO","AR","72401","Craighead","(870) 819-4040","6","For profit","12/20/2017",44
"052031","BARLOW RESPIRATORY HOSPITAL","2000 STADIUM WAY","","LOS ANGELES","CA","90026","Los Angeles","(213) 250-4200","9","Non-profit","09/01/1984",99
"052032","KINDRED HOSPITAL - LOS ANGELES","5525  W SLAUSON AVENUE","","LOS ANGELES","CA","90056","Los Angeles","(310) 642-0325","9","For profit","01/29/1992",81
"052033","VIBRA HOSPITAL OF SACRAMENTO","330 MONTROSE DRIVE","","FOLSOM","CA","95630","Sacramento","(916) 351-9151","9","For profit","03/04/1992",58
"052034","KINDRED HOSPITAL - SAN FRANCISCO BAY AREA","2800 BENEDICT DRIVE","","SAN LEANDRO","CA","94577","Alameda","(510) 357-8300","9","For profit","01/29/1993",99
"052035","KINDRED HOSPITAL WESTMINSTER","200 HOSPITAL CIRCLE","","WESTMINSTER","CA","92683","Orange","(714) 893-4541","9","For profit","06/01/1993",109
"052036","KINDRED HOSPITAL - SAN DIEGO","1940 EL CAJON BLVD","","SAN DIEGO","CA","92104","San Diego","(619) 543-4500","9","For profit","06/01/1993",70
"052037","KINDRED HOSPITAL ONTARIO","550 NORTH MONTEREY","","ONTARIO","CA","91764","San Bernardino","(909) 391-0333","9","For profit","02/01/1995",91
"052038","KINDRED HOSPITAL -- LA MIRADA","14900 E IMPERIAL HWY","","LA MIRADA","CA","90638","Los Angeles","(562) 944-1900","9","For profit","11/01/1995",277
"052039","KINDRED HOSPITAL BREA","875 N BREA BLVD","","BREA","CA","92821","Orange","(714) 529-6842","9","For profit","12/01/1995",48
"052043","KENTFIELD HOSPITAL","1125 SIR FRANCIS DRAKE BLVD","","KENTFIELD","CA","94904","Marin","(415) 456-9680","9","For profit","07/01/1999",120
"052044","VIBRA HOSPITAL OF SAN DIEGO","555 WASHINGTON STREET","","SAN DIEGO","CA","92103","San Diego","(619) 260-8300","9","For profit","04/01/2002",110
"052045","KINDRED HOSPITAL BALDWIN PARK","14148 FRANCISQUITO AVENUE","","BALDWIN PARK","CA","91706","Los Angeles","(626) 388-2700","9","For profit","09/01/2004",95
"052046","PROMISE HOSPITAL OF EAST LOS ANGELES","16453  COLORADO AVENUE","","PARAMOUNT","CA","90723","Los Angeles","(562) 531-3110","9","For profit","09/27/1995",177
"052047","VIBRA HOSPITAL OF NORTHERN CALIFORNIA","2801 EUREKA WAY","","REDDING","CA","96001","Shasta","(530) 246-9000","9","For profit","01/01/2006",56
"052049","KINDRED HOSPITAL RANCHO","10841 WHITE OAK AVENUE","","RANCHO CUCAMONGA","CA","91730","San Bernardino","(909) 581-6400","9","For profit","10/01/2006",55
"052050","KINDRED HOSPITAL SOUTH BAY","1246 WEST 155TH STREET","","GARDENA","CA","90247","Los Angeles","(310) 323-5330","9","For profit","10/01/2006",58
"052052","KINDRED HOSPITAL RIVERSIDE","2224 MEDICAL CENTER DRIVE","","PERRIS","CA","92571","Riverside","(951) 436-3535","9","For profit","01/01/2008",40
"052054","MONROVIA MEMORIAL HOSPITAL","323 SOUTH HELIOTROPE AVENUE","","MONROVIA","CA","91016","Los Angeles","(626) 359-9341","9","For profit","05/01/2009",49
"052055","CENTRAL VALLEY SPECIALTY HOSPITAL","730 17TH STREET","","MODESTO","CA","95354","Stanislaus","(209) 248-7700","9","For profit","08/28/2013",36
"062009","KINDRED HOSPITAL-DENVER","1920 HIGH STREET","","DENVER","CO","80218","Denver","(303) 320-5871","8","For profit","02/01/1991",68
"062011","CRAIG HOSPITAL","3425 SOUTH CLARKSON STREET","","ENGLEWOOD","CO","80113","Arapahoe","(303) 789-8000","8","Non-profit","10/01/1992",93
"062012","COLORADO ACUTE LONG TERM HOSPITAL","1690 N MEADE ST","","DENVER","CO","80204","Denver","(303) 264-6900","8","For profit","04/01/1994",63
"062013","KINDRED HOSPITAL AURORA","700 POTOMAC ST 2ND FLOOR","","AURORA","CO","80011","Adams","(720) 857-8333","8","For profit","05/01/1998",37
"062014","VIBRA HOSPITAL OF DENVER","8451 PEARL ST","","THORNTON","CO","80229","Adams","(303) 288-3000","8","For profit","01/01/1999",54
"062015","KINDRED HOSPITAL - DENVER SOUTH","2525 S DOWNING ST 3RD FLOOR","","DENVER","CO","80210","Denver","(303) 715-7373","8","For profit","10/01/2000",65
"062017","NORTHERN COLORADO LONG TERM ACUTE HOSP - LONG TERM","4401A UNION STREET","","JOHNSTOWN","CO","80534","Larimer","(970) 619-3663","8","For profit","03/01/2009",20
"072003","GAYLORD HOSPITAL INC","GAYLORD FARM RD","","WALLINGFORD","CT","06492","New Haven","(203) 284-2800","1","Non-profit","07/01/1966",137
"072004","HOSPITAL FOR SPECIAL CARE","2150 CORBIN AVE","","NEW BRITAIN","CT","06050","Hartford","(860) 223-2761","1","Non-profit","07/01/1966",228
"072006","STATE OF CONNECTICUT, DEPT OF VETERANS' AFFAIRS","287 WEST STREET","","ROCKY HILL","CT","06067","Hartford","(860) 529-2571","1","Government","07/01/1966",300
"082000","SELECT SPECIALTY HOSPITAL WILMINGTON","7TH  &  CLAYTON STREETS  5TH FLOOR","","WILMINGTON","DE","19805","New Castle","(302) 421-4591","3","For profit","08/01/1999",35
"092002","BRIDGEPOINT HOSPITAL CAPITOL HILL","700 CONSTITUTION AVENUE NE","","WASHINGTON","DC","20002","District Of Columbia","(202) 675-0400","3","For profit","02/01/1996",60
"092003","BRIDGEPOINT -NATIONAL HARBOR","4601 MARTIN LUTHER KING JR AVENUE","","WASHINGTON","DC","20032","District Of Columbia","(202) 574-5770","3","For profit","01/01/2002",82
"102001","SELECT SPECIALTY HOSPITAL-MIAMI","955 NW 3RD STREET 8TH FLOOR","","MIAMI","FL","33128","Miami-Dade","(305) 416-5700","4","For profit","09/01/2003",47
"102003","SELECT SPECIALTY HOSPITAL - ORLANDO","5579 S ORANGE AVE","","ORLANDO","FL","32809","Orange","(407) 303-1766","4","For profit","01/01/2004",99
"102009","KINDRED HOSPITAL-BAY AREA-TAMPA","4555 S MANHATTAN AVE","","TAMPA","FL","33611","Hillsborough","(813) 839-6341","4","For profit","11/01/1988",155
"102010","KINDRED HOSPITAL-SOUTH FLORIDA-FT LAUDERDALE","1516 E LAS OLAS BLVD","","FORT LAUDERDALE","FL","33301","Broward","(954) 764-8900","4","For profit","12/20/1988",244
"102012","CURAHEALTH JACKSONVILLE LLC","4901 RICHARD ST","","JACKSONVILLE","FL","32207","Duval","(904) 737-3120","4","For profit","05/01/1993",107
"102013","KINDRED HOSPITAL-CENTRAL TAMPA","4801 N HOWARD AVE","","TAMPA","FL","33603","Hillsborough","(813) 874-7575","4","For profit","03/17/1993",102
"102015","KINDRED HOSPITAL-NORTH FLORIDA","801 OAK ST","","GREEN COVE SPRINGS","FL","32043","Clay","(904) 284-9230","4","For profit","12/01/1994",80
"102017","SELECT SPECIALTY HOSPITAL - PANAMA CITY","615 N BONITA AVE","","PANAMA CITY","FL","32401","Bay","(850) 767-3180","4","Government","08/01/2004",30
"102018","COMPLEX CARE HOSPITAL AT RIDGELAKE","6150 EDGELAKE DR","","SARASOTA","FL","34240","Sarasota","(941) 342-3200","4","Non-profit","04/01/2006",40
"102019","KINDRED HOSPITAL OCALA","1500 SW 1ST AVENUE, 5TH FLOOR","","OCALA","FL","34474","Marion","(352) 369-0513","4","For profit","06/01/2006",31
"102020","SELECT SPECIALTY HOSPITAL - TALLAHASSEE","1554 SURGEONS DR","","TALLAHASSEE","FL","32308","Leon","(850) 219-6800","4","For profit","03/01/2008",29
"102021","BAYCARE ALLIANT HOSPITAL","601 MAIN ST","","DUNEDIN","FL","34698","Pinellas","(727) 734-6302","4","Non-profit","03/06/2008",48
"102022","SELECT SPECIALTY HOSPITAL GAINESVILLE INC","1600 SW ARCHER RD 5TH FLOOR","","GAINESVILLE","FL","32610","Alachua","(352) 265-0055","4","For profit","08/01/2008",44
"102023","SELECT SPECIALTY HOSPITAL-PALM BEACH","3060 MELALEUCA LANE","","LAKE WORTH","FL","33461","Palm Beach","(561) 357-7200","4","For profit","12/01/2008",60
"102024","SELECT SPECIALTY HOSPITAL PENSACOLA","7000 COBBLE CREEK DR","","PENSACOLA","FL","32504","Escambia","(850) 479-5938","4","For profit","10/01/2008",54
"102025","KINDRED HOSPITAL THE PALM BEACHES","5555 W BLUE HERON BLVD","","RIVIERA BEACH","FL","33418","Palm Beach","(561) 840-0754","4","For profit","06/01/2009",70
"102026","ADVENTHEALTH CONNERTON","9441 HEALTH CENTER DR","","LAND O LAKES","FL","34637","Pasco","(813) 971-3700","4","For profit","11/01/2009",50
"102027","KINDRED HOSPITAL MELBOURNE","765 W NASA BLVD","","MELBOURNE","FL","32901","Brevard","(321) 733-5725","4","For profit","08/01/2010",60
"102028","PROMISE HOSPITAL OF FLORIDA AT THE VILLAGES","5050 COUNTY ROAD 472","","OXFORD","FL","34484","Sumter","(352) 689-6402","4","For profit","07/01/2012",40
"102029","PROMISE HOSPITAL OF FORT MYERS","3050 CHAMPION RING ROAD","","FORT MYERS","FL","33905","Lee","(708) 363-4925","4","For profit","09/01/2015",60
"102030","SELECT SPECIALTY HOSPITAL DAYTONA BEACH","301 MEMORIAL MEDICAL PARKWAY","","DAYTONA BEACH","FL","32117","Volusia","(386) 231-3907","4","For profit","12/01/2015",34
"102031","PROMISE HOSPITAL OF MIAMI","14001 NW 82ND AVENUE","","MIAMI LAKES","FL","33016","Miami-Dade","(786) 609-9200","4","For profit","04/01/2016",90
"102032","LANDMARK HOSPITAL OF SOUTHWEST FLORIDA","1285 CREEKSIDE BLVD E","","NAPLES","FL","34108","Collier","(239) 478-8398","4","For profit","04/01/2016",50
"112000","ROOSEVELT WARM SPRINGS LTAC HOSPITAL","6135 ROOSEVELT HIGHWAY, P O BOX 280","","WARM SPRINGS","GA","31830","Meriwether","(706) 655-5515","4","Government","07/01/1974",32
"112003","SHEPHERD CENTER","2020 PEACHTREE RD NW","","ATLANTA","GA","30309","Fulton","(404) 350-7311","4","Non-profit","04/01/1984",152
"112004","SELECT SPECIALTY HOSPITAL - MIDTOWN ATLANTA, LLC","705 JUNIPER STREET, NE","","ATLANTA","GA","30308","Fulton","(404) 873-2871","4","For profit","04/30/1991",72
"112006","EMORY LONG TERM ACUTE CARE","450 NORTH CANDLER STREET","","DECATUR","GA","30030","DeKalb","(404) 377-0221","4","Non-profit","11/15/1996",76
"112007","WELLSTAR WINDY HILL HOSPITAL","2540 WINDY HILL ROAD","","MARIETTA","GA","30067","Cobb","(770) 644-1081","4","Non-profit","07/01/1997",115
"112010","KINDRED HOSPITAL ROME","320 TURNER MCCALL BOULEVARD","","ROME","GA","30165","Floyd","(706) 509-4100","4","For profit","07/01/2001",45
"112011","SELECT SPECIALTY HOSPITAL - SAVANNAH, INC","5353 REYNOLDS STREET 4 SOUTH","","SAVANNAH","GA","31405","Chatham","(912) 819-7986","4","Non-profit","05/01/2003",40
"112012","COLUMBUS SPECIALTY HOSPITAL, INC","616 19TH STREEET","","COLUMBUS","GA","31901","Muscogee","(706) 494-4075","4","For profit","01/01/2004",30
"112013","SELECT SPECIALTY HOSPITAL - AUGUSTA, INC","1537 WALTON WAY","","AUGUSTA","GA","30904","Richmond","(706) 731-1200","4","For profit","04/01/2004",30
"112016","REGENCY HOSPITAL COMPANY OF MACON, LLC","535 COLISEUM DRIVE","","MACON","GA","31217","Bibb","(478) 803-7300","4","For profit","11/01/2004",34
"112017","LANDMARK HOSPITAL OF ATHENS, LLC","775 SUNSET DRIVE","","ATHENS","GA","30606","Clarke","(706) 425-1518","4","For profit","02/01/2009",42
"112018","LANDMARK HOSPITAL OF SAVANNAH, LLC","800 E 68TH STREET","","SAVANNAH","GA","31405","Chatham","(573) 331-8420","4","For profit","11/26/2014",50
"122001","LEAHI HOSPITAL","3675 KILAUEA AVENUE","","HONOLULU","HI","96816","Honolulu","(808) 733-8000","9","Government","01/01/1969",9
"132001","NORTHERN IDAHO ADVANCED CARE HOSPITAL","600 NORTH CECIL ROAD","","POST FALLS","ID","83854","Kootenai","(208) 262-2800","10","For profit","10/01/2006",40
"132002","VIBRA HOSPITAL OF BOISE","6651 W FRANKLIN ROAD","","BOISE","ID","83709","Ada","(208) 489-9500","10","Non-profit","02/01/2009",60
"142006","THC CHICAGO INC DBA KINDRED HOSP","225 EDWARD STREET","","SYCAMORE","IL","60178","DeKalb","(815) 895-2144","5","For profit","01/01/1988",69
"142008","KINDRED HOSPITAL - CHICAGO","365 E NORTH AVE","","NORTHLAKE","IL","60164","Cook","(773) 267-2620","5","For profit","02/01/1992",258
"142009","THC CHICAGO INC DBA KINDRED CHICAGO","4058 W MELROSE","","CHICAGO","IL","60641","Cook","(773) 736-7000","5","For profit","07/04/1994",94
"142010","RML HEALTH PROVIDERS LIMITED PARTNERSHIP","5601 S COUNTY LINE RD","","HINSDALE","IL","60521","DuPage","(630) 286-4123","5","Non-profit","06/01/1997",189
"142011","PRESENCE HOLY FAMILY MEDICAL CENTER","100 NORTH RIVER ROAD","","DES PLAINES","IL","60016","Cook","(847) 813-3176","5","Non-profit","03/01/2006",238
"142013","GREATER PEORIA SPECIALTY HOSPITAL","500 W ROMEO B GARRETT AVENUE","","PEORIA","IL","61605","Peoria","(309) 680-1500","5","Non-profit","05/01/2010",50
"152007","KINDRED HOSPITAL INDIANAPOLIS","1700 W 10TH ST","","INDIANAPOLIS","IN","46222","Marion","(317) 636-4400","5","For profit","02/01/1994",59
"152012","KINDRED HOSPITAL NORTHWEST INDIANA","5454 HOHMAN AVE  5TH FL","","HAMMOND","IN","46320","Lake","(219) 852-5305","5","For profit","09/01/1996",70
"152013","KINDRED HOSPITAL INDIANAPOLIS NORTH","8060 KNUE ROAD","","INDIANAPOLIS","IN","46250","Marion","(317) 813-8900","5","For profit","09/01/1996",45
"152014","SELECT SPECIALTY HOSPITAL-EVANSVILLE","400  SE 4TH ST","","EVANSVILLE","IN","47713","Vanderburgh","(812) 421-2330","5","For profit","01/01/1997",60
"152020","ST VINCENT SETON SPECIALTY HOSPITAL, INDIANAPOLIS","8050 TOWNSHIP LINE RD","","INDIANAPOLIS","IN","46260","Marion","(317) 415-8500","5","Non-profit","02/08/2003",74
"152024","REGENCY HOSPITAL OF NORTHWEST INDIANA","4321 FIR ST 4TH FL","","EAST CHICAGO","IN","46312","Lake","(219) 392-7799","5","For profit","02/01/2004",61
"152025","CENTRAL INDIANA  AMG SPECIALTY HOSPITAL LLC","2401 W UNIVERSITY AVE 5TH FLOOR EAST TOWER","","MUNCIE","IN","47303","Delaware","(765) 751-5253","5","For profit","02/16/2005",32
"152027","VIBRA HOSPITAL OF FORT WAYNE","2200 RANDALLIA DRIVE 5TH FLOOR","","FORT WAYNE","IN","46805","Allen","(260) 399-2900","5","For profit","09/01/2008",48
"152028","VIBRA HOSPITAL OF NORTHWESTERN INDIANA","9509 GEORGIA ST","","CROWN POINT","IN","46307","Lake","(219) 472-2200","5","For profit","02/01/2009",40
"162001","SELECT SPECIALTY HOSPITAL - QUAD CITIES","1111 WEST KIMBERLY ROAD","","DAVENPORT","IA","52806","Scott","(563) 468-2000","7","For profit","02/01/2007",50
"162003","SELECT SPECIALTY HOSPITAL - DES MOINES","1111 6TH AVENUE, 4TH FLOOR MAIN","","DES MOINES","IA","50314","Polk","(515) 247-4400","7","For profit","01/01/2015",30
"172004","PROMISE HOSPITAL OF OVERLAND PARK","6509 WEST 103RD STREET","","OVERLAND PARK","KS","66212","Johnson","(913) 649-3701","7","Government","06/01/1995",56
"172005","SELECT SPECIALTY HOSPITAL OF KS CITY","1731 NORTH 90TH STREET","","KANSAS CITY","KS","66112","Wyandotte","(913) 732-5930","7","For profit","04/30/1996",40
"172007","SELECT SPECIALTY HOSPITAL WICHITA","929 NORTH ST FRANCIS, 6TH FLOOR, NORTH TOWER","","WICHITA","KS","67214","Sedgwick","(316) 962-3930","7","For profit","01/01/2001",48
"182001","KINDRED HOSPITAL LOUISVILLE","1313 SAINT ANTHONY PLACE","","LOUISVILLE","KY","40204","Jefferson","(502) 587-7001","4","Non-profit","10/01/1995",367
"182002","CONTINUING CARE HOSPITAL, INC","ONE SAINT JOSEPH DRIVE","","LEXINGTON","KY","40504","Fayette","(859) 268-4800","4","Non-profit","02/27/2002",57
"182003","SELECT SPECIALTY HOSPITAL LEXINGTON","310 SOUTH LIMESTONE STREET 3RD FLOOR","","LEXINGTON","KY","40509","Fayette","(859) 226-7178","4","For profit","06/01/2003",41
"182004","SELECT SPECIALTY HOSPITAL-NORTHERN KENTUCKY","85 NORTH GRAND AVENUE THREE CENTER 3RD FLR CENTER","","FORT THOMAS","KY","41075","Campbell","(859) 572-3880","4","Non-profit","09/01/2004",33
"182005","COMMONWEALTH  REGIONAL SPECIALTY HOSPITAL","250 PARK DRIVE 5TH FLOOR","","BOWLING GREEN","KY","42101","Warren","(270) 796-6200","4","Non-profit","02/01/2005",28
"182006","CONTINUECARE HOSPITAL AT BAPTIST HEALTH CORBIN","ONE TRILLIUM WAY, LOWER LEVEL","","CORBIN","KY","40701","Knox","(606) 523-5150","4","Non-profit","03/01/2005",32
"182008","CONTINUECARE HOSPITAL AT BAPTIST HEALTH PADUCAH","2501 KENTUCKY AVENUE, 5TH FLOOR","","PADUCAH","KY","42003","McCracken","(270) 575-2597","4","Non-profit","04/01/2016",37
"182009","CONTINUECARE HOSPITAL AT BAPTIST HLTH MADISONVILLE","900 HOSPITAL DRIVE, 4TH FLOOR","","MADISONVILLE","KY","42431","Hopkins","(270) 825-5450","4","Non-profit","04/01/2016",35
"192004","PROMISE HOSPITAL BATON ROUGE","5130 MANCUSO LANE","","BATON ROUGE","LA","70809","East Baton Rouge","(225) 490-9600","6","For profit","09/18/1988",54
"192006","CORNERSTONE SPECIALTY HOSPITALS BOSSIER CITY","4900 MEDICAL DRIVE","","BOSSIER CITY","LA","71112","Bossier","(318) 747-9500","6","For profit","09/30/1991",62
"192007","BRIDGEPOINT CONTINUING CARE HOSPITAL","1101 MEDICAL CENTER BLVD 7TH FLOOR","","MARRERO","LA","70072","Jefferson","(504) 349-2584","6","For profit","06/01/1992",44
"192008","SAGE SPECIALTY CARE HOSPITAL","8375 FLORIDA BLVD","","DENHAM SPRINGS","LA","70726","Livingston","(225) 665-2664","6","For profit","01/01/1993",85
"192009","CURAHEALTH NEW ORLEANS","3601 COLISEUM STREET","","NEW ORLEANS","LA","70115","Orleans","(504) 899-1555","6","For profit","06/01/1993",135
"192010","PROMISE HOSPITAL OF LOUISIANA, INC","1800 IRVING PLACE","","SHREVEPORT","LA","71101","Caddo","(318) 425-4096","6","For profit","01/01/1994",196
"192011","LIFECARE HOSPITALS OF SHREVEPORT","8001 YOUREE DRIVE","","SHREVEPORT","LA","71115","Caddo","(318) 688-8504","6","For profit","01/01/1994",54
"192012","CHRISTUS DUBUIS HOSPITAL OF ALEXANDRIA","3330 MASONIC DR","","ALEXANDRIA","LA","71301","Rapides","(318) 448-4960","6","For profit","07/01/1994",25
"192013","CORNERSTONE HOSPITAL SOUTHWEST LOUISIANA","524 DR MICHAEL DEBAKEY DRIVE, 3RD FLOOR","","LAKE CHARLES","LA","70601","Calcasieu","(337) 310-6033","6","For profit","03/01/1995",33
"192015","OCHSNER EXTENDED CARE HOSPITAL","2614 JEFFERSON HWY, 2ND FLOOR","","JEFFERSON","LA","70121","Jefferson","(504) 464-8590","6","For profit","08/01/1995",32
"192016","SPECIALTY HOSPITAL","309 JACKSON STREET, 7TH FLOOR","","MONROE","LA","71201","Ouachita","(318) 966-4126","6","For profit","07/01/1995",32
"192022","RUSTON REGIONAL SPECIALTY HOSPITAL","1401 EZELL STREET","","RUSTON","LA","71270","Lincoln","(318) 251-3126","6","For profit","07/01/1997",55
"192023","ST CATHERINE MEMORIAL HOSPITAL","14500 HAYNE BLVD","","NEW ORLEANS","LA","70128","Orleans","(504) 210-3000","6","Non-profit","01/01/1999",21
"192029","LAFAYETTE - A M G SPECIALTY HOSPITAL","4811 AMBASSADOR CAFFERY PKWY, 4TH FLOOR","","LAFAYETTE","LA","70506","Lafayette","(337) 456-8201","6","For profit","01/01/2001",46
"192028","PROMISE HOSPITAL OF MISS LOU","209 FRONT STREET","","VIDALIA","LA","71373","Concordia","(318) 336-6500","6","For profit","01/01/2001",40
"192030","ST THERESA SPECIALTY HOSPITAL, LLC","3601 LOYOLA DRIVE","","KENNER","LA","70065","Jefferson","(504) 461-2249","6","For profit","02/05/2001",42
"192031","CORNERSTONE SPECIALTY HOSPITALS WEST MONROE","6198 CYPRESS STREET","","WEST MONROE","LA","71291","Ouachita","(318) 396-5600","6","For profit","01/01/2002",47
"192032","LOUISIANA EXTENDED CARE HOSPITAL OF LAFAYETTE","2810 AMBASSADOR CAFFERY PARKWAY, 6TH FLOOR","","LAFAYETTE","LA","70506","Lafayette","(337) 289-8180","6","For profit","01/01/2002",88
"192034","ST LANDRY EXTENDED CARE HOSPITAL","539 E. PRUDHOMME STREET, 6TH FLOOR","","OPELOUSAS","LA","70570","St. Landry","(337) 948-5184","6","For profit","09/01/2002",24
"192035","LOUISIANA EXTENDED CARE HOSPITAL OF NATCHITOCHES","501 KEYSER AVE 4TH FLOOR","","NATCHITOCHES","LA","71457","Natchitoches","(318) 354-2044","6","For profit","03/28/2002",21
"192036","P A M SPECIALTY HOSPITAL OF HAMMOND","42074 VETERANS AVENUE","","HAMMOND","LA","70403","Tangipahoa","(985) 902-8148","6","For profit","09/01/2002",40
"192037","HOUMA - AMG SPECIALTY HOSPITAL","629 DUNN STREET","","HOUMA","LA","70360","Terrebonne","(985) 274-0001","6","For profit","05/31/2002",40
"192040","SOUTHEAST REGIONAL MEDICAL CENTER, INC","719 AVENUE G","","KENTWOOD","LA","70444","Tangipahoa","(985) 229-9193","6","Non-profit","08/13/2001",14
"192041","ZACHARY - A M G SPECIALTY HOSPITAL","4601 MCHUGH ROAD, BLDG B","","ZACHARY","LA","70791","East Baton Rouge","(225) 683-1600","6","For profit","01/10/2003",16
"192043","RIVERSIDE HOSPITAL OF LOUISIANA INC","13 HEYMAN LANE","","ALEXANDRIA","LA","71306","Rapides","(318) 767-2900","6","For profit","08/01/2003",28
"192048","P A M SPECIALTY HOSPITAL OF COVINGTON","20050 CRESTWOOD BLVD","","COVINGTON","LA","70433","St. Tammany","(985) 875-7525","6","For profit","01/30/2004",58
"192052","SPECIALTY HOSPITAL OF WINNFIELD, INC","915 1ST STREET","","WINNFIELD","LA","71483","Winn","(318) 648-3523","6","For profit","04/01/2005",20
"192055","LOUISIANA EXTENDED CARE HOSPITAL OF WEST MONROE","503 MCMILLIAN ROAD, 3RD FLOOR","","WEST MONROE","LA","71291","Ouachita","(318) 329-4300","6","For profit","07/25/2005",21
"212002","WESTERN MARYLAND CENTER","1500 PENNSYLVANIA AVENUE","","HAGERSTOWN","MD","21742","Washington","(301) 745-4140","3","Government","07/01/1966",123
"212003","DEER'S HEAD CENTER","315 DEER'S HEAD HOSPITAL ROAD","","SALISBURY","MD","21802","Wicomico","(410) 543-4010","3","Government","06/26/1991",66
"222000","SPAULDING HOSPITAL FOR CONTINUING MED CARE-CAMB","1575 CAMBRIDGE STREET","","CAMBRIDGE","MA","02138","Middlesex","(617) 876-4344","1","Non-profit","07/01/1966",180
"222002","CURAHEALTH STOUGHTON","909 SUMNER STREET 1ST FLOOR","","STOUGHTON","MA","02072","Norfolk","(781) 297-8200","1","For profit","07/01/1966",198
"222003","TEWKSBURY HOSPITAL","365 EAST STREET","","TEWKSBURY","MA","01876","Middlesex","(978) 851-7321","1","Government","07/01/1966",760
"222006","LEMUEL SHATTUCK HOSPITAL","170 MORTON STREET","","JAMAICA PLAIN","MA","02130","Suffolk","(617) 522-8110","1","Government","07/01/1966",260
"222007","HEBREW REHABILITATION CENTER","1200 CENTRE STREET","","BOSTON","MA","02131","Suffolk","(617) 325-8000","1","Non-profit","07/01/1966",675
"222023","WESTERN MASSACHUSETTS HOSPITAL","91 EAST MOUNTAIN ROAD","","WESTFIELD","MA","01085","Hampden","(413) 562-4131","1","Government","07/01/1966",102
"222025","PAPPAS REHABILITATION HOSPITAL FOR CHILDREN","3 RANDOLPH STREET","","CANTON","MA","02021","Norfolk","(617) 828-2440","1","Government","12/18/1974",239
"222027","NEW ENGLAND SINAI HOSPITAL","150 YORK STREET","","STOUGHTON","MA","02072","Norfolk","(781) 364-4850","1","Non-profit","04/30/1976",212
"222043","VIBRA HOSPITAL OF SOUTHEASTERN MASSACHUSETTS","4499 ACUSHNET AVENUE","","NEW BEDFORD","MA","02745","Bristol","(508) 995-6900","1","For profit","01/01/1993",90
"222046","VIBRA HOSPITAL OF WESTERN MASSACHUSETTS","1400 STATE STREET","","SPRINGFIELD","MA","01109","Hampden","(413) 787-6700","1","For profit","04/13/2001",174
"222047","WHITTIER REHABILITATION HOSPITAL - BRADFORD","145 WARD HILL AVENUE","","BRADFORD","MA","01835","Essex","(978) 372-8000","1","For profit","10/01/2005",60
"222048","WHITTIER REHABILITATION HOSPITAL","150 FLANDERS ROAD","","WESTBOROUGH","MA","01581","Worcester","(508) 871-2063","1","For profit","10/01/2005",88
"232012","SELECT SPECIALTY HOSPITAL-FLINT","401 S BALLENGER, 5TH FLOOR","","FLINT","MI","48532","Genesee","(810) 342-4550","5","For profit","02/01/1998",36
"232019","VIBRA OF SOUTHEASTERN MICHIGAN","26400 W OUTER DRIVE","","LINCOLN PARK","MI","48146","Wayne","(313) 594-6000","5","For profit","07/01/1991",220
"232020","MCLAREN BAY SPECIAL CARE","3250 E MIDLAND RD, SUITE 1","","BAY CITY","MI","48706","Bay","(989) 667-6802","5","Non-profit","01/01/1995",31
"232021","SELECT SPECIALTY HOSPITAL - MUSKEGON","1700 CLINTON STREET, 2 SOUTH AND 3 SOUTH FLOORS","","MUSKEGON","MI","49442","Muskegon","(231) 728-5800","5","For profit","07/01/1997",31
"232023","SELECT SPECIALTY HOSPITAL-MACOMB COUNTY","215 NORTH AVE, SUITE 200","","MOUNT CLEMENS","MI","48043","Macomb","(586) 307-9000","5","For profit","01/01/1999",36
"232024","SELECT SPECIALTY HOSPITAL-ANN ARBOR","5301 E HURON RIVER DR, 7TH FL","","YPSILANTI","MI","48197","Washtenaw","(734) 712-0500","5","For profit","05/01/1999",36
"232029","SELECT SPECIALTY HOSPITAL - SPECTRUM HEALTH","1840 WEALTHY STREET SE, 5TH FLOOR","","GRAND RAPIDS","MI","49506","Kent","(616) 774-3800","5","Non-profit","01/01/2001",146
"232031","SELECT SPECIALTY HOSPITAL-WYANDOTTE, LLC","2333 BIDDLE AVENUE, 8TH FLOOR","","WYANDOTTE","MI","48192","Wayne","(313) 375-7075","5","For profit","09/28/2001",40
"232033","SELECT SPECIALTY HOSPITAL-SAGINAW","1447 NORTH HARRISON, 7TH  &  8TH FLOOR","","SAGINAW","MI","48602","Saginaw","(989) 583-4667","5","For profit","03/01/2003",32
"232034","ASCENSION BORGESS PIPP HOSPITAL","411 NAOMI STREET","","PLAINWELL","MI","49080","Allegan","(269) 685-0700","5","Non-profit","07/01/2003",43
"232035","SELECT SPECIALTY HOSPITAL- BATTLE CREEK","300 NORTH AVENUE 6TH FLOOR","","BATTLE CREEK","MI","49016","Calhoun","(269) 245-4675","5","Non-profit","06/01/2003",25
"232036","HENRY FORD ALLEGIANCE SPECIALTY HOSPITAL","110 N ELM AVENUE","","JACKSON","MI","49202","Jackson","(517) 205-4463","5","Non-profit","03/01/2004",64
"232037","SPARROW SPECIALTY HOSPITAL","1215 E MICHIGAN AVE, 8W SPARROW HOSPITAL TOWER","","LANSING","MI","48912","Ingham","(517) 364-6800","5","Non-profit","01/01/2005",36
"232039","PIONEER SPECIALTY HOSPITAL","50 NORTH PERRY","","PONTIAC","MI","48342","Oakland","(248) 593-1990","5","For profit","10/20/2014",30
"242004","HEALTHEAST BETHESDA HOSPITAL","559 CAPITOL BOULEVARD","","SAINT PAUL","MN","55103","Ramsey","(651) 232-2122","5","Non-profit","01/20/1989",254
"242005","REGENCY HOSPITAL OF MINNEAPOLIS LLC","1300 HIDDEN LAKES PARKWAY","","GOLDEN VALLEY","MN","55422","Hennepin","(763) 302-8301","5","For profit","06/01/1995",92
"252003","SELECT SPECIALTY HOSPITAL - BELHAVEN","1225 NORTH STATE STREET","","JACKSON","MS","39202","Hinds","(601) 968-1260","4","For profit","08/17/1993",25
"252004","SPECIALITY HOSPITAL OF MERIDIAN,THE","1314 19TH AVENUE","","MERIDIAN","MS","39301","Lauderdale","(601) 703-4211","4","Non-profit","05/01/1995",49
"252005","SELECT SPECIALTY HOSPITAL-GULF COAST, INC","1520 BROAD AVENUE SUITE 300","","GULFPORT","MS","39501","Harrison","(228) 575-7500","4","For profit","01/01/1999",70
"252006","REGENCY HOSPITAL OF MERIDIAN","1102 CONSTITUTION AVENUE, 2ND FLOOR","","MERIDIAN","MS","39301","Lauderdale","(601) 484-7900","4","For profit","08/01/2003",40
"252007","SELECT SPECIALTY HOSPITAL JACKSON","5903 RIDGEWOOD ROAD","","JACKSON","MS","39211","Hinds","(601) 899-3800","4","Non-profit","03/01/2003",53
"252008","PROMISE HOSPITAL OF VICKSBURG, INC","2100 HIGHWAY 61 NORTH 6TH FLOOR","","VICKSBURG","MS","39183","Warren","(601) 883-3439","4","For profit","12/05/2003",35
"252009","REGENCY HOSPITAL OF HATTIESBURG","6051 US HIGHWAY 49 5TH FLOOR","","HATTIESBURG","MS","39404","Forrest","(601) 288-8510","4","Government","06/01/2004",33
"252012","REGENCY HOSPITAL OF JACKSON, LLC","969 LAKELAND DRIVE, 6TH FLOOR","","JACKSON","MS","39216","Hinds","(601) 364-6200","4","For profit","10/01/2006",36
"252013","ALLEGIANCE SPECIALTY HOSPITAL OF GREENVILLE","300 SOUTH WASHINGTON AVE, 3RD FLOOR","","GREENVILLE","MS","38701","Washington","(662) 332-7344","4","For profit","11/01/2011",39
"262010","KINDRED HOSPITAL - ST LOUIS","4930 LINDELL BOULEVARD","","SAINT LOUIS","MO","63108","St. Louis City","(314) 361-8700","7","For profit","08/30/1991",60
"262013","SELECT SPECIALTY HOSPITAL-ST LOUIS","300 FIRST CAPITOL DRIVE","","SAINT CHARLES","MO","63301","St. Charles","(314) 768-3400","7","For profit","11/01/2000",33
"262014","SELECT SPECIALTY HOSPITAL - WESTERN MISSOURI","2316 EAST MEYER BOULEVARD, 3-WEST","","KANSAS CITY","MO","64132","Jackson","(816) 276-9444","7","For profit","08/18/2005",34
"262015","LANDMARK HOSPITAL OF CAPE GIRARDEAU, LLC","3255 INDEPENDENCE","","CAPE GIRARDEAU","MO","63701","Cape Girardeau","(573) 335-1091","7","For profit","10/01/2006",30
"262016","LANDMARK HOSPITAL OF JOPLIN, LLC","2040 W 32ND STREET","","JOPLIN","MO","64804","Jasper","(417) 627-1309","7","For profit","12/01/2007",30
"262017","SELECT SPECIALTY HOSPITAL SPRINGFIELD, INC","1630 EAST PRIMROSE","","SPRINGFIELD","MO","65804","Greene","(417) 881-1657","7","For profit","11/01/2008",44
"262018","KINDRED HOSPITAL NORTHLAND","500 NW 68TH STREET","","KANSAS CITY","MO","64118","Clay","(816) 420-6300","7","For profit","05/06/2008",35
"262019","MOSIAC LIFE CARE AT ST JOSEPH","5325 FARAON STREET","","SAINT JOSEPH","MO","64506","Buchanan","(816) 271-6480","7","Non-profit","10/02/2009",41
"262020","LANDMARK HOSPITAL OF COLUMBIA, LLC","604 OLD HIGHWAY 63 NORTH","","COLUMBIA","MO","65201","Boone","(573) 499-6600","7","For profit","04/01/2010",42
"272001","ADVANCED CARE HOSPITAL OF MONTANA","3528 GABEL RD","","BILLINGS","MT","59102","Yellowstone","(406) 373-8000","8","For profit","09/01/2008",40
"282000","MADONNA REHABILITATION SPECIALTY HOSPITAL LINCOLN","5401 SOUTH ST","","LINCOLN","NE","68506","Lancaster","(402) 413-3000","7","Non-profit","07/01/1984",96
"282001","SELECT SPECIALTY HOSPITAL - OMAHA (CENTRAL CAMPUS)","1870 SOUTH 75TH STREET","","OMAHA","NE","68124","Douglas","(402) 361-5830","7","For profit","07/01/2000",52
"282002","SELECT SPECIALTY HOSPITAL - LINCOLN","2300 SOUTH 16TH STREET - 7TH FLOOR","","LINCOLN","NE","68502","Lancaster","(402) 483-8444","7","For profit","02/01/2015",24
"282003","MADONNA REHABILITATION SPECIALTY HOSPITAL OMAHA","17500 BURKE STREET","","OMAHA","NE","68118","Douglas","(402) 401-3000","7","Non-profit","03/01/2015",32
"292002","KINDRED HOSPITAL - LAS VEGAS (SAHARA CAMPUS)","5110 W SAHARA AVE","","LAS VEGAS","NV","89146","Clark","(702) 835-2926","9","For profit","09/01/1994",146
"292003","HORIZON SPECIALTY HOSPITAL","640 S MARTIN LUTHER KING BLVD","","LAS VEGAS","NV","89106","Clark","(702) 382-3155","9","For profit","06/01/1994",199
"292004","TAHOE PACIFIC HOSPITAL - MEADOWS","10101 DOUBLE R BLVD-1ST FLOOR","","RENO","NV","89521","Washoe","(775) 331-1044","9","For profit","09/01/1997",39
"292006","COMPLEX CARE HOSPITAL AT TENAYA","2500 TENAYA WAY","","LAS VEGAS","NV","89128","Clark","(702) 562-2021","9","For profit","01/01/2002",70
"292007","LAS VEGAS-AMG SPECIALTY HOSPITAL","4015 SOUTH MCLEOD","","LAS VEGAS","NV","89121","Clark","(702) 433-2200","9","For profit","01/01/2004",24
"292008","CARSON TAHOE CONTINUING CARE HOSPITAL","775 FLEISCHMANN WAY 2ND FLR","","CARSON CITY","NV","89703","Carson City","(775) 445-7783","9","Non-profit","03/01/2009",29
"312014","MATHENY SCHOOL  &  HOSPITAL, THE","65 HIGHLAND AVENUE","","PEAPACK","NJ","07977","Somerset","(908) 234-0011","2","Non-profit","07/09/1976",102
"312017","SPECIALTY HOSPITAL OF CENTRAL JERSEY","600 RIVER AVENUE,   4 WEST","","LAKEWOOD","NJ","08701","Ocean","(732) 806-3207","2","For profit","11/01/2004",50
"312018","CARE ONE AT RARITAN BAY MEDICAL CENTER, LLC","530 NEW BRUNSWICK AVENUE, 2ND FLOOR GREEN","","PERTH AMBOY","NJ","08861","Middlesex","(732) 324-6090","2","For profit","11/01/2004",51
"312019","SELECT SPECIALTY HOSPITAL NORTHEAST","96 PARKWAY","","ROCHELLE PARK","NJ","07662","Bergen","(201) 221-2352","2","Non-profit","11/01/2004",62
"312020","KINDRED HOSPITAL NEW JERSEY - MORRIS COUNTY","400 WEST BLACKWELL STREET","","DOVER","NJ","07801","Morris","(973) 537-3816","2","For profit","03/01/2005",117
"312022","ACUITY SPECIALTY HOSPITAL OF SOUTHERN NEW JERSEY","218 SUNSET ROAD","","WILLINGBORO","NJ","08046","Burlington","(609) 432-3034","2","For profit","09/01/2006",69
"312023","ACUITY SPECIALTY HOSPITAL OF NEW JERSEY","1925 PACIFIC AVENUE 5TH FLOOR","","ATLANTIC CITY","NJ","08401","Atlantic","(609) 441-2122","2","For profit","06/01/2010",30
"312024","COLUMBUS HOSPITAL LTACH","495 NORTH 13TH STREET","","NEWARK","NJ","07107","Essex","(973) 587-7712","2","Non-profit","09/14/2010",63
"322002","KINDRED HOSPITAL  ALBUQUERQUE","700 HIGH STREET NE","","ALBUQUERQUE","NM","87102","Bernalillo","(505) 242-4444","6","For profit","07/01/1994",61
"322003","ALBUQUERQUE - AMG SPECIALTY HOSPITAL, LLC","5400 GIBSON BLVD SE 3RD FLOOR","","ALBUQUERQUE","NM","87108","Bernalillo","(505) 842-5550","6","Government","06/01/1995",25
"322004","ADVANCED CARE HOSPITAL OF SOUTHERN NEW MEXICO LLC","4451 EAST LOHMAN AVENUE","","LAS CRUCES","NM","88011","Dona Ana","(575) 521-6600","6","Government","03/01/2009",20
"332006","CALVARY HOSPITAL INC","1740 - 70 EASTCHESTER R0AD","","BRONX","NY","10461","Bronx","(718) 863-6900","2","Non-profit","07/01/1966",225
"332008","HENRY J CARTER SPECIALTY HOSPITAL","1752 PARK AVENUE","","NEW YORK","NY","10035","New York","(212) 318-8000","2","Government","07/01/1970",411
"332022","TERENCE CARDINAL COOKE HEALTH CARE CENTER","1249 FIFTH AVENUE","","NEW YORK","NY","10029","New York","(212) 360-3600","2","Non-profit","06/05/1980",50
"342012","KINDRED HOSPITAL GREENSBORO","2401 SOUTHSIDE BLVD","","GREENSBORO","NC","27406","Guilford","(336) 271-2800","4","For profit","02/01/1994",101
"342013","LIFECARE HOSPITALS OF NC","1031 NOELL LANE","","ROCKY MOUNT","NC","27804","Nash","(252) 451-2300","4","For profit","07/01/2000",50
"342014","HIGHSMITH RAINEY MEMORIAL HOSPITAL","150 ROBESON STREET 4TH FLOOR","","FAYETTEVILLE","NC","28301","Cumberland","(910) 609-6700","4","Non-profit","02/01/2003",112
"342015","CAROLINAS CONTINUECARE HOSPITAL AT PINEVILLE","10648 PARK RD, 3RD FL","","CHARLOTTE","NC","28210","Mecklenburg","(704) 379-5117","4","Non-profit","08/01/2003",40
"342017","ASHEVILLE SPECIALTY HOSPITAL","428 BILTMORE AVENUE 4TH FLOOR","","ASHEVILLE","NC","28802","Buncombe","(828) 213-1127","4","For profit","11/01/2003",34
"342018","SELECT SPECIALTY HOSPITAL DURHAM INC","3643 NORTH ROXBORO ROAD 6TH FLOOR","","DURHAM","NC","27704","Durham","(919) 470-9010","4","For profit","02/01/2004",30
"342019","CAROLINAS CONTINUECARE AT KINGS MOUNTAIN","706 WEST KING STREET 2ND FLOOR","","KINGS MOUNTAIN","NC","28086","Gaston","(980) 487-5520","4","Non-profit","01/01/2010",41
"342020","SELECT SPECIALTY HOSPITAL-GREENSBORO","1200 NORTH ELM STREET, 5TH FLOOR","","GREENSBORO","NC","27401","Guilford","(336) 832-7000","4","For profit","05/01/2010",30
"342021","CAROLINAS CONTINUECARE HOSPITAL AT UNIVERSITY","8800 NORTH TRYON STREET","","CHARLOTTE","NC","28262","Mecklenburg","(704) 863-8300","4","Non-profit","12/22/2015",35
"352004","VIBRA HOSPITAL OF FARGO","5225 23RD AVE S","","FARGO","ND","58104","Cass","(701) 241-9099","8","For profit","10/02/1998",31
"352005","VIBRA HOSPITAL OF CENTRAL DAKOTAS LLC","1000 18TH STREET NW","","MANDAN","ND","58554","Morton","(701) 667-2000","8","Non-profit","09/01/1998",41
"362004","DRAKE CENTER INC","151 WEST GALBRAITH ROAD","","CINCINNATI","OH","45216","Hamilton","(513) 418-2500","5","Non-profit","07/01/1966",108
"362015","GRACE HOSPITAL","20000 HARVARD ROAD","","WARRENSVILLE HEIGHTS","OH","44122","Cuyahoga","(216) 491-7295","5","Non-profit","07/01/1995",104
"362016","SELECT SPECIALTY HOSPITAL-NORTHEAST OHIO, INC","1320 MERCY DRIVE, 6TH FLOOR","","CANTON","OH","44708","Stark","(330) 489-8198","5","For profit","03/01/1997",61
"362019","SELECT SPECIALTY HOSPITAL-CINCINNATI, INC","375 DIXMYTH AVE, 15TH FLOOR","","CINCINNATI","OH","45220","Hamilton","(513) 862-4444","5","Non-profit","08/01/1998",36
"362020","KINDRED HOSPITAL LIMA","730 W MARKET ST","","LIMA","OH","45801","Allen","(419) 224-1888","5","For profit","02/01/1999",12
"362022","SELECT SPECIALTY HOSPITAL-COLUMBUS, INC","1087 DENNISON AVENUE, 2ND FLOOR","","COLUMBUS","OH","43201","Franklin","(614) 458-9000","5","Non-profit","09/01/1999",186
"362023","VIBRA HOSPITAL OF MAHONING VALLEY","8049 SOUTH AVENUE","","BOARDMAN","OH","44512","Mahoning","(330) 726-5021","5","Non-profit","02/01/2000",45
"362024","SELECT SPECIALTY HOSPITAL - YOUNGSTOWN","1044 BELMONT AVE","","YOUNGSTOWN","OH","44501","Mahoning","(330) 841-4750","5","For profit","06/23/1999",31
"362025","COMMUNITY SPECIALTY HOSPITAL","254 CLEVELAND AVENUE, 2ND FLOOR","","AMHERST","OH","44001","Lorain","(440) 988-6141","5","Non-profit","10/01/2000",30
"362026","SELECT SPECIALTY HOSPITAL- CLEVELAND FAIRHILL","11900 FAIRHILL ROAD","","CLEVELAND","OH","44120","Cuyahoga","(216) 983-8011","5","For profit","10/01/2000",119
"362027","SELECT SPECIALTY HOSPITAL-AKRON","200 EAST MARKET STREET","","AKRON","OH","44308","Summit","(330) 761-7500","5","For profit","12/01/2000",34
"362028","LIFE CARE HOSPITALS OF DAYTON","4000 MIAMISBURG-CENTERVILLE ROAD","","MIAMISBURG","OH","45342","Montgomery","(937) 384-8300","5","Non-profit","09/01/2001",44
"362029","REGENCY HOSPITAL OF CLEVELAND EAST","4200 INTERCHANGE CORPORATE CENTER ROAD","","WARRENSVILLE HTS","OH","44128","Cuyahoga","(216) 910-3800","5","For profit","12/01/2002",142
"362031","SELECT SPECIALTY HOSPITAL SOUTHEAST OHIO","200 TAMARACK ROAD, 2ND FLOOR","","NEWARK","OH","43055","Licking","(740) 588-7888","5","For profit","04/01/2004",35
"362032","AULTMAN SPECIALTY HOSPITAL","2000 SIXTH STREET","","CANTON","OH","44710","Stark","(330) 363-4000","5","Non-profit","10/01/2004",30
"362033","KINDRED HOSPITALS-DAYTON","707 EAST EDWIN C MOSES BLVD","","DAYTON","OH","45417","Montgomery","(937) 331-9265","5","Non-profit","03/01/2005",67
"362034","REGENCY HOSPITAL OF CINCINNATI, LLC","10500 MONTGOMERY ROAD","","CINCINNATI","OH","45219","Hamilton","(513) 559-5957","5","Government","02/09/2005",39
"362035","ACUITY SPECIALTY HOSPITAL OHIO VALLEY","4697 HARRISON STREET, 2ND FLOOR","","BELLAIRE","OH","43906","Belmont","(740) 671-2086","5","For profit","04/01/2006",72
"362036","REGENCY HOSPITAL OF TOLEDO","5220 WEST ALEXIS ROAD","","SYLVANIA","OH","43560","Lucas","(419) 318-5700","5","For profit","01/01/2008",45
"362037","SELECT SPECIALTY HOSPITAL COLUMBUS","1430 SOUTH HIGH STREET","","COLUMBUS","OH","43207","Franklin","(614) 456-0339","5","For profit","07/01/2008",43
"362038","ADVANCED SPECIALTY HOSPITAL OF TOLEDO","1015 GARDEN LAKE PARKWAY","","TOLEDO","OH","43614","Lucas","(419) 381-0037","5","For profit","03/01/2009",40
"362039","LIFE LINE HOSPITAL","200 SCHOOL STREET","","WINTERSVILLE","OH","43953","Jefferson","(740) 346-2600","5","Non-profit","08/01/2010",36
"372004","CURAHEALTH OKLAHOMA","1407 NORTH ROBINSON AVENUE","","OKLAHOMA CITY","OK","73103","Oklahoma","(405) 232-8000","6","For profit","10/01/1993",93
"372005","EDMOND - AMG SPECIALTY HOSPITAL","4300 W MEMORIAL RD, 2ND FL","","OKLAHOMA CITY","OK","73120","Oklahoma","(405) 341-5617","6","For profit","06/01/1993",37
"372007","SELECT SPECIALTY HOSPITAL - TULSA/MIDTOWN, LLC","1125 SOUTH TRENTON, 2ND  &  3RD FLOOR","","TULSA","OK","74120","Tulsa","(918) 579-7301","6","For profit","09/01/1994",56
"372009","SELECT SPECIALTY HOSPITAL - OKLAHOMA CITY, INC","3524 NORTHWEST 56TH STREET","","OKLAHOMA CITY","OK","73112","Oklahoma","(405) 606-6700","6","For profit","02/01/1996",72
"372012","INSPIRE SPECIALTY HOSPITAL","8210 NATIONAL AVENUE","","MIDWEST CITY","OK","73110","Oklahoma","(405) 739-0800","6","For profit","05/31/1998",31
"372016","INTEGRIS BASS PAVILION","401 SOUTH THIRD STREET","","ENID","OK","73701","Garfield","(580) 249-4260","6","Non-profit","12/01/2001",24
"372017","LANE FROST HEALTH AND REHABILITATION CENTER","2815 EAST JACKSON","","HUGO","OK","74743","Choctaw","(580) 326-9200","6","Non-profit","07/01/2004",60
"372018","PAM SPECIALTY HOSPITAL OF TULSA","3219 SOUTH 79TH EAST AVENUE","","TULSA","OK","74145","Tulsa","(918) 663-8183","6","For profit","10/01/2004",60
"372019","CORNERSTONE SPECIALTY HOSPITALS SHAWNEE","1900 GORDON COOPER DRIVE, 2ND FLOOR","","SHAWNEE","OK","74801","Pottawatomie","(405) 395-5800","6","Non-profit","09/01/2005",34
"372022","CORNERSTONE SPECIALTY HOSPITALS MUSKOGEE","351 SOUTH 40TH STREET","","MUSKOGEE","OK","74401","Muskogee","(918) 682-6161","6","For profit","07/01/2007",64
"372023","MUSCOGEE (CREEK) NATION LONG TERM ACUTE CARE HOSPI","900 EAST AIRPORT ROAD","","OKMULGEE","OK","74447","Okmulgee","(918) 756-9211","6","Tribal","10/25/2012",4
"382004","VIBRA SPECIALTY HOSPITAL OF PORTLAND","10300 NE HANCOCK STREET","","PORTLAND","OR","97220","Multnomah","(503) 257-5500","10","For profit","02/01/2008",73
"392024","LIFECARE HOSPITALS OF PITTSBURGH","225 PENN AVENUE","","PITTSBURGH","PA","15221","Allegheny","(412) 247-2356","3","For profit","07/01/1993",32
"392025","PAM SPECIALTY HOSPITAL OF WILKES-BARRE","575 NORTH RIVER STREET, 7TH FLOOR","","WILKES-BARRE","PA","18764","Luzerne","(570) 208-3310","3","For profit","01/01/1994",36
"392027","KINDRED HOSPITAL PHILADELPHIA","6129 PALMETTO STREET","","LAWNCREST","PA","19111","Philadelphia","(215) 722-8555","3","For profit","10/01/1995",52
"392028","CURAHEALTH PITTSBURGH","7777 STEUBENVILLE PIKE","","OAKDALE","PA","15071","Allegheny","(412) 494-5500","3","For profit","07/01/1996",63
"392031","SELECT SPECIALTY HOSPITAL - JOHNSTOWN","320 MAIN STREET","","JOHNSTOWN","PA","15901","Cambria","(814) 534-7300","3","Non-profit","05/01/1999",39
"392033","GOOD SHEPHERD SPECIALTY HOSPITAL","2545 SCHOENERSVILLE ROAD","","BETHLEHEM","PA","18017","Lehigh","(484) 884-5051","3","Non-profit","07/01/2000",32
"392036","SELECT SPECIALTY HOSPITAL LAUREL HIGHLANDS INC","ONE MELLON WAY","","LATROBE","PA","15650","Westmoreland","(724) 830-8649","3","For profit","04/01/2001",40
"392037","SELECT SPECIALTY HOSPITAL - ERIE","252 WEST 11TH STREET","","ERIE","PA","16501","Erie","(814) 874-5300","3","For profit","06/01/2001",50
"392039","SELECT SPECIALTY HOSPITAL - CENTRAL PA HARRISBURG","111 SOUTH FRONT STREET","","HARRISBURG","PA","17101","Dauphin","(717) 972-4560","3","For profit","01/01/2002",92
"392043","CURAHEALTH HERITAGE VALLEY","1000 DUTCH RIDGE ROAD","","BEAVER","PA","15009","Beaver","(724) 773-8480","3","For profit","07/01/2003",35
"392044","SELECT SPECIALTY HOSPITAL - PITTSBURGH/UPMC","200 LOTHROP STREET, MUH E824","","PITTSBURGH","PA","15213","Allegheny","(412) 586-9821","3","For profit","07/01/2004",32
"392045","SELECT SPECIALTY HOSPITAL - MCKEESPORT, INC","1500 FIFTH AVENUE","","MC KEESPORT","PA","15132","Allegheny","(412) 664-2900","3","For profit","09/01/2004",30
"392046","KINDRED HOSPITAL SOUTH PHILADELPHIA","1930 SOUTH BROAD STREET UNIT #12","","PHILADELPHIA","PA","19145","Philadelphia","(267) 570-5200","3","For profit","01/01/2005",58
"392047","SELECT SPECIALTY HOSPITAL - DANVILLE","100 NORTH ACADEMY AVENUE 3RD FLR BUSH  &  GEISINGER","","DANVILLE","PA","17822","Montour","(570) 214-9648","3","For profit","02/01/2005",30
"392048","LIFECARE HOSPITALS OF CHESTER COUNTY","400 EAST MARSHAL STREET","","WEST CHESTER","PA","19380","Chester","(484) 826-0400","3","For profit","04/01/2006",39
"392050","GOOD SHEPHERD PENN PARTNERS","1800 LOMBARD STREET","","PHILADELPHIA","PA","19146","Philadelphia","(215) 893-2548","3","Non-profit","04/01/2009",38
"412001","ELEANOR SLATER HOSPITAL","111 HOWARD AVE","","CRANSTON","RI","02921","Providence","(401) 462-1525","1","Government","07/01/1966",495
"422004","SPARTANBURG HOSP FOR RESTORATIVE CARE","389 SERPENTINE DR","","SPARTANBURG","SC","29303","Spartanburg","(864) 560-3235","4","Government","10/01/1996",97
"422005","VIBRA HOSPITAL OF CHARLESTON","1200 HOSPITAL DRIVE","","MOUNT PLEASANT","SC","29464","Charleston","(843) 881-4047","4","For profit","07/01/1999",59
"422006","CONTINUECARE HOSPITAL AT PALMETTO HEALTH BAPTIST","1330 TAYLOR AT MARION STREET","","COLUMBIA","SC","29201","Richland","(803) 296-3757","4","Non-profit","08/01/1999",35
"422007","REGENCY HOSPITAL OF FLORENCE","121 EAST CEDAR ST, 4TH FL","","FLORENCE","SC","29501","Florence","(843) 661-3481","4","For profit","02/01/2002",40
"422008","GHS NORTH GREENVILLE LTACH","807 NORTH MAIN STREET","","TRAVELERS REST","SC","29690","Greenville","(864) 834-5132","4","Non-profit","03/01/2004",45
"422009","REGENCY HOSPITAL OF GREENVILLE","1 ST FRANCIS DRIVE, 4TH FLOOR","","GREENVILLE","SC","29601","Greenville","(864) 255-1401","4","For profit","08/01/2005",32
"432002","SELECT SPECIALTY HOSPITAL - SOUTH DAKOTA","1305 WEST 18TH STREET","","SIOUX FALLS","SD","57105","Minnehaha","(605) 312-9520","8","For profit","03/01/1998",24
"442006","CURAHEALTH NASHVILLE","1412 COUNTY HOSPITAL ROAD, B-1","","NASHVILLE","TN","37218","Davidson","(615) 687-2600","4","Non-profit","07/01/1987",60
"442007","KINDRED HOSPITAL - CHATTANOOGA","709 WALNUT STREET","","CHATTANOOGA","TN","37402","Hamilton","(423) 266-7721","4","For profit","10/01/1993",49
"442010","BAPTIST MEMORIAL RESTORATIVE CARE HOSPITAL","6019 WALNUT GROVE ROAD 1 WEST","","MEMPHIS","TN","38120","Shelby","(901) 226-4200","4","Non-profit","07/01/1995",30
"442011","SELECT SPECIALTY HOSPITAL-NASHVILLE","2000 HAYES STREET","","NASHVILLE","TN","37203","Davidson","(615) 284-4599","4","For profit","05/01/1996",70
"442014","SELECT SPECIALTY HOSPITAL MEMPHIS","5959 PARK AVENUE","","MEMPHIS","TN","38119","Shelby","(901) 765-1245","4","For profit","12/01/1997",30
"442015","SELECT SPECIALTY HOSPITAL-NORTH KNOXVILLE","7557 B DANNAHER DRIVE SUITE 145","","POWELL","TN","37849","Knox","(865) 545-7370","4","For profit","01/01/1999",68
"442016","SELECT SPECIALTY HOSPITAL-TRICITIES","ONE MEDICAL PARK BOULEVARD, 5TH FLOOR","","BRISTOL","TN","37620","Sullivan","(423) 844-5900","4","For profit","11/01/2000",33
"442017","REGIONAL ONE HEALTH EXTENDED CARE HOSPITAL","890 MADISON AVENUE, 4TH FLOOR","","MEMPHIS","TN","38103","Shelby","(901) 513-3000","4","Non-profit","02/03/2014",30
"452015","KINDRED HOSPITAL DALLAS","9525 GREENVILLE AVENUE","","DALLAS","TX","75218","Dallas","(214) 355-2600","6","For profit","12/17/1987",140
"452016","KINDRED HOSPITAL SAN ANTONIO","3636 MEDICAL DRIVE","","SAN ANTONIO","TX","78229","Bexar","(210) 616-0616","6","For profit","02/08/1989",59
"452018","TEXAS HEALTH SPECIALTY HOSPITAL FORT WORTH","1300 PENNSYLVANIA 4TH FLOOR MAIN BLDG","","FORT WORTH","TX","76104","Tarrant","(817) 878-5500","6","Non-profit","04/03/1990",15
"452019","KINDRED HOSPITAL FORT WORTH- MANSFIELD","1802 HIGHWAY 157 NORTH","","MANSFIELD","TX","76063","Tarrant","(817) 332-4812","6","For profit","07/18/1990",55
"452022","SELECT SPECIALTY HOSPITAL-DALLAS","2329 PARKER ROAD","","CARROLLTON","TX","75010","Denton","(972) 884-2407","6","Non-profit","11/30/1991",60
"452023","KINDRED HOSPITAL HOUSTON MEDICAL CENTER","6441 MAIN ST","","HOUSTON","TX","77030","Harris","(713) 790-0500","6","For profit","02/01/1992",110
"452028","KINDRED HOSPITAL-TARRANT COUNTY","1000 N COOPER ST","","ARLINGTON","TX","76011","Tarrant","(817) 543-0200","6","For profit","07/01/1993",80
"452029","CONTINUE CARE HOSPITAL AT HENDRICK MEDICAL CENTER","1900 PINE ST 5TH FLOOR","","ABILENE","TX","79601","Taylor","(325) 670-5151","6","Non-profit","09/01/1993",46
"452031","PAM SPECIALTY HOSPITAL OF LUFKIN","1201 FRANK ST SUITE D5","","LUFKIN","TX","75904","Angelina","(936) 639-7975","6","Non-profit","01/01/1994",26
"452032","CORNERSTONE SPECIALTY HOSPITALS CLEAR LAKE","709 MEDICAL CENTER BLVD","","WEBSTER","TX","77598","Harris","(713) 551-5300","6","For profit","01/01/1994",148
"452034","CORNERSTONE HOSPITAL AUSTIN","4207 BURNET RD","","AUSTIN","TX","78756","Travis","(512) 706-1900","6","For profit","03/01/1994",157
"452035","MESA HILLS SPECIALTY HOSPITAL","2311 N OREGON STREET","","EL PASO","TX","79902","El Paso","(915) 548-1823","6","For profit","06/01/1994",32
"452038","TEXAS NEURO REHABILITATION CENTER","1106 W DITTMAR","","AUSTIN","TX","78745","Travis","(512) 444-4835","6","For profit","07/01/1994",47
"452039","KINDRED HOSPITAL","11297 FALLBROOK","","HOUSTON","TX","77065","Harris","(281) 897-8114","6","For profit","06/01/1994",158
"452040","SAN ANTONIO-AMG SPECIALTY HOSPITAL","718 LEXINGTON AVENUE","","SAN ANTONIO","TX","78212","Bexar","(210) 572-4600","6","For profit","08/01/1994",30
"452041","CARRUS SPECIALTY HOSPITAL","1810 WEST HIGHWAY 82","","SHERMAN","TX","75092","Grayson","(903) 416-4441","6","Physician","07/01/1994",33
"452042","CHRISTUS DUBUIS HOSPITAL OF BEAUMONT","2830 CALDER AVENUE 4TH FLOOR","","BEAUMONT","TX","77702","Jefferson","(409) 899-7680","6","Non-profit","07/01/1994",53
"452043","PINE VALLEY SPECIALTY HOSPITAL","6160 S LOOP EAST","","HOUSTON","TX","77087","Harris","(713) 640-2400","6","For profit","09/01/1994",59
"452044","LIFECARE HOSPITALS OF DALLAS","1950 RECORD CROSSING","","DALLAS","TX","75235","Dallas","(214) 525-6300","6","For profit","09/16/1994",206
"452046","PLAZA SPECIALTY HOSPITAL","1300 BINZ","","HOUSTON","TX","77004","Harris","(713) 285-1000","6","For profit","01/01/1995",65
"452051","UT HEALTH EAST TEXAS SPECIALTY HOSPITAL","1000 S BECKHAM FL 5","","TYLER","TX","75701","Smith","(903) 535-6551","6","Non-profit","05/01/1995",36
"452055","CORNERSTONE SPECIALTY HOSPITALS MEDICAL CENTER","2001 HERMANN DRIVE","","HOUSTON","TX","77004","Harris","(832) 649-6200","6","For profit","03/01/1997",35
"452056","PAM  SPECIALTY HOSPITAL OF VICTORIA SOUTH","506 EAST SAN ANTONIO STREET  3RD FLOOR","","VICTORIA","TX","77901","Victoria","(361) 575-1445","6","For profit","10/10/1997",23
"452057","NEXUS SPECIALTY HOSPITAL THE WOODLANDS","9182 SIX PINES DRIVE","","THE WOODLANDS","TX","77380","Montgomery","(713) 364-0317","6","For profit","04/23/1997",75
"452059","LIFECARE HOSPITAL OF SAN ANTONIO","8902 FLOYD CURL DRIVE","","SAN ANTONIO","TX","78240","Bexar","(210) 690-7000","6","For profit","09/01/1998",62
"452060","VIBRA HOSPITAL OF AMARILLO","7500 WALLACE BLVD","","AMARILLO","TX","79120","Potter","(806) 351-1600","6","For profit","08/01/1998",72
"452061","POST ACUTE MEDICAL SPECIALTY HOSPITAL OF TEXARKANA","2400 ST MICHAEL DRIVE 2ND FLOOR","","TEXARKANA","TX","75503","Bowie","(903) 614-7600","6","For profit","02/01/1999",49
"452062","WARM SPRING SPECIALITY HOSPTIAL AT LULING","200 MEMORIAL DRIVE","","LULING","TX","78648","Caldwell","(512) 672-6592","6","For profit","09/01/1998",34
"452063","LIFECARE HOSPITALS OF SOUTH TX","2001 M STREET","","MC ALLEN","TX","78504","Hidalgo","(956) 926-7000","6","For profit","04/09/1998",84
"452067","PROMISE HOSPITAL OF DALLAS","7955 HARRY HINES BLVD","","DALLAS","TX","75235","Dallas","(214) 637-0000","6","For profit","10/15/1996",66
"452068","PROMISE HOSPITAL OF WICHITA FALLS","1103 GRACE STREET","","WICHITA FALLS","TX","76301","Wichita","(940) 763-7901","6","For profit","04/29/1998",31
"452071","KINDRED HOSPITAL-WHITE ROCK","9440 POPPY DRIVE 5TH FLOOR","","DALLAS","TX","75218","Dallas","(214) 324-6730","6","For profit","07/29/2000",25
"452073","KINDRED HOSPITAL- SAN ANTONIO CENTRAL","111 DALLAS STREET  4TH FLOOR","","SAN ANTONIO","TX","78205","Bexar","(210) 297-7182","6","Non-profit","09/27/2000",44
"452074","KINDRED HOSPITAL TOMBALL","505 GRAHAM DRIVE","","TOMBALL","TX","77375","Harris","(281) 765-2622","6","For profit","03/22/2000",288
"452075","KINDRED HOSPITAL CLEAR LAKE","350 BLOSSOM ST","","WEBSTER","TX","77598","Harris","(281) 316-7800","6","For profit","09/01/2000",147
"452079","KINDRED HOSPTIAL EL PASO","1740 CURIE DRIVE","","EL PASO","TX","79902","El Paso","(915) 351-9044","6","For profit","02/28/2002",72
"452080","KINDRED HOSPITAL SUGAR LAND","1550 FIRST COLONY BOULEVARD","","SUGAR LAND","TX","77479","Fort Bend","(281) 275-6000","6","For profit","03/01/2003",171
"452083","MID-JEFFERSON EXTENDED CARE HOSPITAL","2600 HWY 365","","NEDERLAND","TX","77627","Jefferson","(409) 726-8700","6","For profit","10/01/2003",48
"452086","POST ACUTE MEDICAL SPECIALTY HOSPITAL CORPUS CH","600 ELIZABETH STREET 3RD FLOOR","","CORPUS CHRISTI","TX","78404","Nueces","(361) 881-3223","6","For profit","04/01/2004",41
"452087","SELECT SPECIALITY HOSPITAL OF LONGVIEW","700 EAST MARSHALL AVE FIRST FLOOR WEST WING","","LONGVIEW","TX","75601","Gregg","(903) 315-1111","6","For profit","06/05/2003",32
"452088","KINDRED HOSPITAL FORT WORTH","815 EIGHTH AVENUE","","FORT WORTH","TX","76104","Tarrant","(817) 332-4812","6","For profit","12/01/2003",67
"452090","PAM SPECIALTY HOSPITAL OF SAN ANTONIO","5418 N LOOP 1604 W","","SAN ANTONIO","TX","78249","Bexar","(210) 921-3550","6","For profit","11/20/2003",26
"452091","TYLER CONTINUECARE HOSPITAL (AT MOTHER FRANCES)","800 EAST DAWSON 4TH FLOOR","","TYLER","TX","75701","Smith","(903) 531-4942","6","Non-profit","06/02/2004",51
"452092","PAM SPECIALTY HOSPITAL OF  CORPUS CHRISTI SOUTH","6226 SARATOGA BOULEVARD","","CORPUS CHRISTI","TX","78414","Nueces","(361) 986-1600","6","For profit","05/01/2005",74
"452094","PAM SPECIALTY HOSPITAL OF VICTORIA NORTH","102 MEDICAL DRIVE","","VICTORIA","TX","77904","Victoria","(361) 576-6200","6","For profit","09/01/2005",26
"452095","SOLARA HOSPITAL MCALLEN","301 WEST EXPRESSWAY 83-8TH FLOOR","","MC ALLEN","TX","78503","Hidalgo","(956) 632-4880","6","For profit","10/01/2005",53
"452096","LAREDO SPECIALTY HOSPITAL LP","2005 BUSTAMANTE STREET","","LAREDO","TX","78041","Webb","(956) 753-5353","6","For profit","02/01/2007",40
"452097","VIBRA SPECIALTY HOSPITAL","2700 WALKER WAY","","DE SOTO","TX","75115","Dallas","(214) 638-1500","6","For profit","08/01/2007",60
"452100","MESQUITE SPECIALTY HOSPITAL","1024  N GALLOWAY AVENUE","","MESQUITE","TX","75149","Dallas","(972) 216-2300","6","Non-profit","06/01/2007",40
"452101","SOLARA HOSPITAL HARLINGEN","508 VICTORIA LANE","","HARLINGEN","TX","78550","Cameron","(682) 831-9670","6","For profit","08/01/2007",41
"452102","COVENANT SPECIALTY HOSPITAL","3815 20TH STREET","","LUBBOCK","TX","79410","Lubbock","(806) 725-9200","6","For profit","10/01/2007",56
"452105","BAYLOR SCOTT  &  WHITE CONTINUING CARE HOSPITAL","546 N KEGLEY ROAD","","TEMPLE","TX","76502","Bell","(254) 215-0900","6","Non-profit","01/01/2008",50
"452106","PAM SPECIALTY HOSPITAL OF NEW BRAUNFELS","1445 HANZ DRIVE","","NEW BRAUNFELS","TX","78130","Comal","(830) 627-7600","6","For profit","05/01/2008",40
"452107","CORNERSTONE HOSPITAL CONROE","1500 GRAND LAKE DRIVE","","CONROE","TX","77304","Montgomery","(682) 831-9670","6","For profit","11/13/2007",41
"452108","DALLAS LTACH LLC","8050 MEADOWS ROAD","","DALLAS","TX","75231","Dallas","(469) 232-6500","6","For profit","07/01/2008",60
"452110","SAGECREST HOSPITAL - GRAPEVINE","4201 WILLIAM D TATE AVENUE","","GRAPEVINE","TX","76051","Tarrant","(817) 288-1300","6","For profit","09/01/2008",60
"452111","ATRIUM MEDICAL CENTER AT CORINTH","2813 S MAYHILL ROAD 2ND FLOOR","","DENTON","TX","76208","Denton","(940) 320-2300","6","For profit","10/17/2007",60
"452112","ICON HOSPITAL","19211 MCKAY BLVD","","HUMBLE","TX","77338","Harris","(704) 887-7283","6","Physician","02/01/2009",54
"452114","ATRIUM MEDICAL CENTER","11929 W AIRPORT BLVD, SUITE 110","","STAFFORD","TX","77477","Fort Bend","(281) 207-8200","6","Physician","08/30/2007",68
"452118","HOUSTON METHODIST CONTINUING CARE HOSPITAL","701 S FRY ROAD","","KATY","TX","77450","Harris","(281) 599-5700","6","Non-profit","08/01/2014",102
"452121","CONTINUECARE HOSPITAL AT MEDICAL CENTER ODESSA","500 WEST  4TH STREET , 4TH FLOOR","","ODESSA","TX","79761","Ector","(972) 943-6488","6","Non-profit","02/01/2016",25
"462003","SPECIALTY HOSPITAL OF UTAH","401 SOUTH 400 EAST","","BOUNTIFUL","UT","84010","Davis","(801) 295-2361","8","Non-profit","04/01/1982",16
"462004","PROMISE HOSPITAL OF SALT LAKE","8TH AVENUE C STREET","","SALT LAKE CITY","UT","84143","Salt Lake","(801) 408-7109","8","For profit","02/01/2003",41
"462005","UTAH VALLEY SPECIALTY HOSPITAL","306 WEST RIVER BEND LANE","","PROVO","UT","84604","Utah","(801) 226-8880","8","For profit","07/01/2007",40
"462006","LANDMARK HOSPITAL OF SALT LAKE CITY, LLC","4252 SOUTH BIRKHILL BOULEVARD","","MURRAY","UT","84107","Salt Lake","(801) 268-5400","8","For profit","02/01/2014",38
"492001","LAKE TAYLOR TRANSITIONAL CARE HOSPITAL","1309 KEMPSVILLE ROAD","","NORFOLK","VA","23502","Norfolk City","(757) 461-5001","3","Government","07/01/1966",296
"492007","HOSPITAL FOR EXTENDED RECOVERY","600 GRESHAM DRIVE SUITE 700","","NORFOLK","VA","23507","Norfolk City","(757) 388-1700","3","Non-profit","06/01/2002",35
"492008","SELECT SPECIALTY HOSPITAL HAMPTON ROADS ","245 CHESAPEAKE AVENUE","","NEWPORT NEWS","VA","23607","Newport News City","(757) 534-5000","3","Non-profit","05/01/2006",25
"492009","VIBRA HOSPITAL OF RICHMOND","2220 EDWARD HOLLAND DRIVE","","RICHMOND","VA","23230","Henrico","(804) 678-7000","3","For profit","05/01/2008",60
"492010","CENTRA SPECIALTY HOSPITAL","3300 RIVERMONT AVENUE,  KRISE BUILDING, 5TH FLOOR","","LYNCHBURG","VA","24503","Lynchburg City","(434) 200-1960","3","Non-profit","01/01/2008",36
"492011","UVA TRANSITIONAL CARE HOSPITAL","2965 IVY ROAD","","CHARLOTTESVILLE","VA","22908","Charlottesville City","(434) 924-7897","3","Government","07/01/2011",40
"502001","REGIONAL HOSPITAL FOR RESPIRATORY AND COMPLEX CARE","16251 SYLVESTER SW ROAD","","BURIEN","WA","98166","King","(206) 248-4548","10","Non-profit","07/01/1994",40
"502002","KINDRED HOSPITAL-SEATTLE","10631 8TH AVE NE","","SEATTLE","WA","98125","King","(206) 364-2050","10","For profit","01/01/1995",80
"512002","SELECT SPECIALTY HOSPITAL","333 LAIDLEY STREET","","CHARLESTON","WV","25301","Kanawha","(304) 388-6671","3","Non-profit","09/01/2002",32
"512003","CORNERSTONE HOSPITAL OF HUNTINGTON","2900 FIRST AVENUE, 2E","","HUNTINGTON","WV","25702","Cabell","(304) 399-2600","3","For profit","11/01/2005",28
"522005","LAKEVIEW SPECIALTY HOSPITAL  &  REHAB CENTER","1701 SHARP ROAD","","WATERFORD","WI","53185","Racine","(262) 534-7297","5","For profit","10/01/1998",39
"522006","SELECT SPECIALTY HOSPITAL MILWAUKEE","8901 W LINCOLN AVE  2ND FLOOR","","WEST ALLIS","WI","53227","Milwaukee","(414) 328-7700","5","For profit","10/31/1999",63
"522008","SELECT SPECIALTY HOSPITAL MADISON","801 BRAXTON PLACE","","MADISON","WI","53715","Dane","(608) 260-2700","5","For profit","06/01/2007",23